Timestamp,Energy_Consumption_kWh,Machine_Load_kW,Temperature_C,Humidity_%,Solar_Radiation_W_m2,Time_of_Day,Day_of_Week,Is_Holiday,Real-Time Power Load (kWh/kW)
2024-01-01,1065.792770575293,367.77291043874453,23.07872476033222,43.42843508873494,379.0470323020608,Noon,0,1,2.897964315272234
2024-01-02,9569.116388829934,87.51001076982912,33.68540387555556,30.716767113909196,388.9318169749698,Evening,1,0,109.34881969102767
2024-01-03,5496.597002022774,460.2595814088549,38.475012296992006,44.576278577468656,376.51081113929405,Night,2,0,11.942384741231647
2024-01-04,8277.659049565746,346.9354572001894,13.784888433802504,79.24064341928735,190.27521345679065,Night,3,0,23.859363111419754
2024-01-05,3707.925527469866,180.92717198285476,30.22654221563899,45.51500632144879,263.81045741786534,Evening,4,1,20.494022466792558
2024-01-06,1074.8057662515525,465.99663026235334,36.73289335238621,50.030002835843675,313.2877369415369,Evening,5,0,2.306466820685899
2024-01-07,5515.735137495222,14.963074864260044,35.90122217696816,81.69163978210702,150.76013149119328,Night,6,0,368.62310638235164
2024-01-08,6031.782297063329,437.64827087667476,19.314359117624576,65.67619833184571,301.4857346872018,Night,0,0,13.78226008977659
2024-01-09,5929.427157283538,194.22429281942232,30.369719119795533,32.56034683934837,379.8058463921775,Morning,1,1,30.528761728051965
2024-01-10,4031.7741215251967,153.33942580637122,13.15982893004601,44.0802867716543,307.1613872064661,Night,2,1,26.29313433465118
2024-01-11,7164.672471255398,28.14182907453187,11.118529276812632,56.78642940404148,369.3611769311653,Noon,3,1,254.59157087054334
2024-01-12,5152.901802748989,415.1178000644447,28.3929979440866,33.745913962935255,216.38163342286254,Morning,4,0,12.413107320257119
2024-01-13,3482.896090330578,365.417600865027,17.208513254153885,69.63793808719717,339.5493640855989,Evening,5,0,9.5312762222886
2024-01-14,8784.594738166586,38.1425434272162,34.41573734097149,63.144022584978565,370.7431491565195,Night,6,1,230.30962145797636
2024-01-15,2734.722159527176,94.93377318394712,10.653956959316693,82.22626595289219,326.2996457161678,Morning,0,1,28.806630852313
2024-01-16,8356.195937724906,93.50688146101899,18.359325597284784,56.631752126189184,335.43610441717203,Night,1,1,89.36450245331328
2024-01-17,549.2355351393909,18.577589773714912,47.10568985886142,86.17791432373097,205.82715045018213,Night,2,0,29.564412920587475
2024-01-18,5020.876704795213,191.60645151028393,25.931309819390446,83.06063580712154,390.3490435580641,Noon,3,0,26.204110901379185
2024-01-19,3751.3691622981155,314.38360426839415,27.670148884503895,78.97594473563144,243.26182771471522,Noon,4,0,11.932458026963497
2024-01-20,2395.187011266898,144.14042156809924,35.820803295523056,68.34569831213801,391.31053095658547,Night,5,0,16.6170390318672
2024-01-21,8839.172014919539,211.89381855166587,44.25245055632935,53.41774559187321,225.69244775754504,Noon,6,0,41.715100871450346
2024-01-22,7395.584919754109,16.96159929550087,30.33184963749708,60.95354585301485,290.3942626267787,Noon,0,1,436.01931580330495
2024-01-23,2819.4908456888143,34.38301254899574,12.703461481129136,31.937166378319848,159.20651696243263,Noon,1,1,82.0024377349438
2024-01-24,1843.4974649219832,24.57510330707377,39.23282278562647,50.400116419692885,370.29621357264375,Noon,2,1,75.01484090979774
2024-01-25,1518.2674802932797,121.7668926764979,46.93253921341468,32.08878522991879,316.973648615441,Morning,3,1,12.468639438200256
2024-01-26,2415.141665084394,490.1154224466763,31.48248463022021,68.48098814896031,349.0141681782102,Night,4,1,4.927699791669292
2024-01-27,9307.582687519576,277.47888858907265,49.509008562104256,56.343600694660154,309.88107694452776,Noon,5,1,33.543390399344844
2024-01-28,2988.5250079599678,12.789207192863799,19.378286191279162,75.16980214043463,393.7849457395432,Night,6,1,233.67554867885192
2024-01-29,9599.799910822483,479.73649518184754,37.990243369438716,84.31723924010228,151.29241162444228,Noon,0,1,20.010568316641432
2024-01-30,2411.902104891871,77.3702316379102,28.770881179360366,45.68151834146105,198.08470964601895,Morning,1,0,31.173515366730236
2024-01-31,7926.151445632914,405.13209406317793,34.09583396951845,74.65902832483232,285.16489935001346,Night,2,1,19.564363233086336
2024-02-01,6203.212899842303,486.6469956086369,48.827442926144954,57.34818423069582,224.38866670845033,Evening,3,1,12.74684310356032
2024-02-02,881.4965216705144,202.11371266663076,42.20750653430434,34.34232365821932,226.82235680984212,Evening,4,0,4.361388992564138
2024-02-03,4263.342624313842,5.388274382617616,17.931650847300865,64.48709917426966,260.3492583193452,Noon,5,0,791.2259698702865
2024-02-04,9285.161643293259,26.070787177819348,34.14190351933216,31.829781312799938,227.63577158823765,Noon,6,0,356.15194815417544
2024-02-05,8493.769087055918,64.4159466326324,49.02169332350476,86.7859660791046,228.02685262575147,Noon,0,1,131.85817380743217
2024-02-06,8520.214638565245,450.55261708049335,37.63023843192003,72.65295468326013,309.30180987056923,Evening,1,1,18.910587388826706
2024-02-07,7725.256133040055,65.88621403743875,37.59745499209174,31.9099230612067,376.8801122031403,Night,2,1,117.25148038784421
2024-02-08,6469.287588594303,251.399259267795,28.79153185624196,64.09103989404154,257.0122431214787,Evening,3,0,25.733121121502993
2024-02-09,5810.795870697063,212.03320182312365,36.39343609349211,60.20620989070525,363.2603451581233,Evening,4,1,27.405122503146377
2024-02-10,5418.193103037774,481.7100153339919,19.054206642258432,53.148412415626055,329.45567128867293,Noon,5,1,11.247831538817163
2024-02-11,3971.705710040585,171.6137143284348,27.248552056709528,53.10793699603208,350.5186441172103,Morning,6,0,23.14328855116744
2024-02-12,820.2624557231067,195.48823920276925,18.330584908386243,47.09397762746559,216.01174612284444,Night,0,1,4.195968305143376
2024-02-13,8964.662435846014,128.3286618909661,35.34931035671811,70.70745748463659,219.50162103802603,Night,1,0,69.85705534327789
2024-02-14,2221.374261363856,96.59103782663479,40.02737507721178,32.95645165070361,207.22841920174542,Evening,2,0,22.997726407607935
2024-02-15,2767.4805656159433,318.2991139996779,10.394335799296673,50.56090723835228,211.70498346544133,Evening,3,1,8.694590854622184
2024-02-16,8768.60171944694,457.94810540869855,46.15634870644773,79.36584982458238,344.2373328368769,Night,4,0,19.147588156569288
2024-02-17,9813.257332880063,8.975144977255631,14.733309473281722,37.362151421372175,255.6103924690825,Morning,5,1,1093.3814838365658
2024-02-18,1121.5261935741737,481.16605356327767,29.695314990874092,30.394205382424385,221.3394005832456,Morning,6,0,2.330850618551965
2024-02-19,9229.85171897904,385.293289933,26.522762571599316,84.65803908562931,347.2764142655142,Noon,0,1,23.95539180187657
2024-02-20,2043.9670014826756,225.40529557640627,18.508802131449585,87.33541153942389,276.13541258856924,Morning,1,0,9.067963537661546
2024-02-21,7137.636870117746,41.13854314711969,24.49705545406041,84.36460451795395,320.7044293915228,Noon,2,0,173.50242191591772
2024-02-22,8011.265674002627,82.8674482675479,12.356726281324327,46.065467720837795,240.24938540418492,Evening,3,1,96.675665071009
2024-02-23,9076.149392697602,136.15896559814954,39.42014612989003,60.00539246196031,237.85117112573909,Morning,4,1,66.65847785216246
2024-02-24,5229.512995967021,147.10062668382903,17.11649593104298,64.98127569449308,347.4231477123764,Noon,5,0,35.55058271238425
2024-02-25,7864.560779837961,271.3520595548542,23.981028648487612,84.57917794504411,271.76217425414546,Evening,6,0,28.98286747017717
2024-02-26,2455.2204545176464,484.1425279998308,37.97068861244742,48.414742669957846,360.76802143882867,Noon,0,1,5.071276148081964
2024-02-27,7341.147179034967,243.39594465759987,20.078996561863494,44.57691995473792,247.13212640479264,Night,1,0,30.16133727849169
2024-02-28,4394.6333611135615,378.79168407615555,29.2485685407981,59.18510757132407,335.8274806032184,Morning,2,1,11.601715522957537
2024-02-29,4848.199984422649,120.86807475969466,14.85890940013951,41.631349201019106,272.0785794524803,Noon,3,1,40.111501685301576
2024-03-01,7328.376794662095,241.10426241511553,11.567930280109326,83.31906515558354,201.02362576627257,Night,4,1,30.395052834215914
2024-03-02,5563.657662018055,419.9825534284915,19.341703451890965,35.1060014657486,150.944279051853,Night,5,1,13.247354245074263
2024-03-03,2195.9331005563336,36.3360449532748,27.117529739982047,65.61995341656694,397.80720438004755,Noon,6,1,60.43401540756912
2024-03-04,7826.13831383059,56.09054393349059,47.210230195351485,57.12102602192718,212.1392493915658,Noon,0,1,139.5268750310291
2024-03-05,1037.119533981837,477.3512721191666,32.67965378979659,62.836456572698324,337.9612604071666,Morning,1,1,2.172654802777878
2024-03-06,7708.883848660313,418.3768117922399,45.105696583926175,41.86500593517593,275.3500605656533,Evening,2,0,18.425695763675442
2024-03-07,4109.800433542841,206.05229683061057,35.4121488610776,45.323711879162374,176.32622244764667,Noon,3,1,19.945424034372135
2024-03-08,6796.427295781849,300.9695470508186,16.317171726395593,74.26483958402872,320.4316671452602,Morning,4,0,22.581777333885128
2024-03-09,1970.754337444351,179.71016674715924,29.47336427513892,37.26227482191711,298.73331836087164,Night,5,0,10.96629296558985
2024-03-10,4183.115972324094,445.6710979219194,39.07074035822833,53.15138346879634,195.07510097711184,Night,6,0,9.38610556490914
2024-03-11,8590.455448475888,430.0988468885636,41.750905045321616,75.91427378015175,251.98915069928802,Morning,0,0,19.973211996779966
2024-03-12,2950.578349029046,334.4571478558053,34.49485862149295,48.97801136558006,374.34706389611495,Noon,1,0,8.821992198238593
2024-03-13,8831.956237388284,211.49816918822523,19.873233981189387,47.597753044976486,245.53300412497077,Noon,2,0,41.75901981226222
2024-03-14,4230.933335973446,435.1192207945245,30.22419248167951,57.30313688942306,181.85174859590686,Evening,3,0,9.723618571130444
2024-03-15,8040.945617608879,386.3852333625657,25.13503036178261,74.6888928168182,338.0866906412506,Noon,4,0,20.810695966902117
2024-03-16,2687.1386417125846,397.2143069882121,34.05135602774726,86.95203317728408,363.48899016949997,Noon,5,0,6.7649593542770585
2024-03-17,4690.943431032337,247.27551910590432,14.64819898429495,64.4085282526415,357.3272633191778,Morning,6,0,18.97051292418186
2024-03-18,8520.451757460141,318.5029748068739,31.14376294702591,66.83016677595447,238.1831556429346,Noon,0,1,26.751560994450887
2024-03-19,3738.1760495846784,175.05163401076982,14.738977929944,58.73617017516814,219.23776313796526,Noon,1,1,21.354705260018836
2024-03-20,1149.4201623109852,9.983411822129124,12.281874225079257,53.50103533214637,200.56020714732944,Evening,2,1,115.13300090087367
2024-03-21,3945.3443403911906,152.4632960682567,47.709079380323786,82.06794404431183,269.3255296152804,Noon,3,1,25.877338625979124
2024-03-22,3196.1556935596586,153.17486291185864,39.52403970551192,42.438878397589065,384.34890920990927,Evening,4,0,20.866058782757467
2024-03-23,4771.294922159323,97.2763134635051,29.22280359599697,89.16121662687648,172.541022523476,Morning,5,0,49.0488871573999
2024-03-24,3334.2112959853835,213.92446137202316,47.62698022094683,86.01118850581243,345.712919729345,Evening,6,0,15.585928203820774
2024-03-25,7588.508835954022,97.96896333309934,49.68122818249343,66.45298837879082,317.81896753394574,Evening,0,0,77.4582947270016
2024-03-26,1724.7603679436058,116.26658670320134,32.43800133573325,82.11637419657454,308.614140476143,Noon,1,0,14.834531715861539
2024-03-27,9411.557082265197,178.45175669234015,49.94753745870169,34.87905673865472,251.1825357044031,Noon,2,1,52.74006407508331
2024-03-28,4723.561008191885,224.59374544101968,36.248768699356994,53.3940182242802,374.6405994873884,Night,3,1,21.031578590563797
2024-03-29,6232.187283174876,171.65433878767396,39.082067085775364,39.94349141543215,165.26377101158278,Noon,4,0,36.3066108738662
2024-03-30,2116.8141922925674,123.27256313434968,14.239411283204255,55.95137368935766,387.87861572759266,Morning,5,1,17.171819409526993
2024-03-31,8769.821532002277,470.54694135009487,35.9648472552891,47.08958335685013,241.23788444356546,Evening,6,1,18.637506189796657
2024-04-01,8142.501106746394,48.75773731947615,38.15707695914263,74.61857134442579,279.1516458040342,Noon,0,0,166.9991585826501
2024-04-02,5313.613010281981,100.7296571623295,24.06031982971102,37.55266663238339,398.1997336866193,Morning,1,1,52.75122699682081
2024-04-03,3865.824383842731,255.45329284705346,36.159933372069965,59.549962524851125,386.5482537438744,Noon,2,1,15.133194568594975
2024-04-04,4024.527308361617,258.78742448382525,26.180466904728267,51.80866562968434,159.82582649657138,Night,3,0,15.551479429067692
2024-04-05,2439.349679297142,405.36319220080185,34.39822971855688,59.99549242383308,173.8953995261787,Night,4,0,6.017689139592079
2024-04-06,4217.394137055184,369.66751793118567,34.11535219692516,73.23648804464388,324.78681196739603,Evening,5,1,11.408614315527338
2024-04-07,3508.3562243573733,483.44566189991366,35.34903237793482,63.68532028786154,302.2007505654266,Morning,6,1,7.256981499367964
2024-04-08,2037.7037053831637,305.18563064697224,28.608852582007636,30.16655280401139,350.20089233109024,Night,0,0,6.676932007130788
2024-04-09,8187.650370276373,164.51190540723502,43.431248666321956,56.30192347951552,188.01079055380984,Noon,1,0,49.76934860737617
2024-04-10,3457.9014101487373,113.57614984227051,18.299168086878574,49.21150475745846,299.47877757868685,Evening,2,1,30.44566500053855
2024-04-11,8062.058323321673,101.92820571521386,17.25065212758684,35.56418631456883,279.7507852543205,Evening,3,1,79.095460052019
2024-04-12,3725.5800324891775,203.05915533356279,23.25323412340653,66.89636914340292,332.6751551397349,Noon,4,1,18.347264502155603
2024-04-13,608.2424611813673,490.25945357798304,35.45439365959862,80.29694651718343,291.816909408465,Morning,5,0,1.2406542224577772
2024-04-14,4279.81085761762,7.5632300052539865,38.128292113733096,38.84082950274998,227.62733621976452,Night,6,0,565.8707793686748
2024-04-15,6853.259641995201,255.2287684995766,23.084633749309628,37.35197044766984,351.89528254008053,Noon,0,0,26.851438739777368
2024-04-16,754.6003976484486,37.66977823229207,49.77806688826584,54.45031889769045,176.0819510902268,Evening,1,1,20.031984074744948
2024-04-17,9117.990538964446,120.62589933437712,29.588673102295996,38.20595368543785,202.92947542285737,Morning,2,0,75.58899530928441
2024-04-18,9779.040699842699,136.6111372131259,42.564854361690706,48.310153431160174,175.76389413503617,Noon,3,0,71.58304146598604
2024-04-19,1038.1312968470281,211.1567840870895,40.98785375046663,70.48688471614854,317.20509019504755,Morning,4,1,4.916400395730886
2024-04-20,6401.544689876978,177.67007306403403,43.72297661521059,72.50408527119251,285.69970073894166,Noon,5,0,36.03051757382797
2024-04-21,5940.9046807578725,128.93595351573552,15.133150104553703,61.57613934237159,210.4684012660912,Evening,6,0,46.07640087008653
2024-04-22,4376.598330053711,259.21431160137456,27.54313755480829,64.36455399698082,349.0606455104721,Evening,0,1,16.88409217460238
2024-04-23,8475.871957674062,231.01877078941803,18.7186818751012,79.34954766283177,231.07182145049643,Noon,1,0,36.68910508315416
2024-04-24,3047.9712663555906,475.32342832674254,36.41606511642068,84.70239393484633,371.93008187452426,Night,2,0,6.412415388581229
2024-04-25,6442.41757142612,130.2106122115126,10.687328403754272,59.642833096115794,152.5935232684613,Evening,3,1,49.476901014497436
2024-04-26,8722.256383507663,86.41864582893761,40.803898696369345,70.91193276141422,299.0628568144054,Night,4,1,100.93025989753455
2024-04-27,4796.444100322887,218.21001605206607,35.26652261793256,40.4020213219535,372.51325838691963,Morning,5,1,21.980861314718155
2024-04-28,944.3652268258121,15.150752474351206,13.84709394571765,82.67442963731432,292.185025831133,Morning,6,1,62.3312425191114
2024-04-29,8090.857672446296,182.26310529121827,37.895096734624765,34.999652843646054,296.1984068810585,Evening,0,0,44.39108869301223
2024-04-30,1672.2359450877968,338.1338514772431,24.09384619387513,34.606285078262054,283.6403372340036,Noon,1,0,4.945485161518472
2024-05-01,7983.674671027815,232.42192874495723,37.63035812462772,65.35207386387796,316.3461780465678,Morning,2,0,34.34992005332042
2024-05-02,9946.275568300098,232.65157396514113,26.102672259069344,52.49346998739021,212.45475441554848,Night,3,0,42.75180863289744
2024-05-03,2131.4295637346236,348.6321694188591,13.901888623619701,66.3206233479066,309.7228919227277,Noon,4,1,6.113691594460545
2024-05-04,7487.166936909597,145.5639207508766,45.28836093147956,82.8288085147736,234.7570616990635,Noon,5,1,51.43559542974531
2024-05-05,1143.3942539332193,124.55009049256344,40.72617191957678,35.992444423442954,238.97619349405562,Noon,6,0,9.180196091479262
2024-05-06,5596.617633272035,93.44900819868403,40.68171363722558,81.5861692762659,242.1035491662402,Night,0,0,59.88953485063149
2024-05-07,2129.7620049110274,363.58400418835095,17.22988972242666,81.887292807271,277.08371875178284,Morning,1,1,5.857688953245936
2024-05-08,7532.476994529564,283.57901734492003,28.99863772221257,77.25434349185497,196.18626076805995,Night,2,1,26.562180322981146
2024-05-09,6907.3743782992715,397.54552696787607,33.28936372430826,36.0188191271086,174.19606477811735,Noon,3,1,17.375052439861626
2024-05-10,2778.712149676549,432.1555350536198,38.622696741478876,64.65391946529729,383.01824246203364,Morning,4,0,6.429889066055302
2024-05-11,6710.938699461567,324.01798244946536,20.086305939262736,89.56108663801605,193.19549424996984,Night,5,1,20.711624239892988
2024-05-12,5382.813854504802,215.04449011856576,45.170208455775125,85.64096496731038,239.63972786285416,Evening,6,0,25.031163790976294
2024-05-13,6146.925087513417,31.585393408765473,33.90042888677514,42.23023025468866,398.97283111901254,Morning,0,0,194.61290248826037
2024-05-14,3175.501745585938,422.1631977210665,46.19515692791147,69.92010954906911,393.6715444895707,Evening,1,0,7.521976720680586
2024-05-15,2031.7998354835483,118.58526994580059,27.466697860769337,40.29986575745149,340.69454953242393,Noon,2,0,17.133661174041116
2024-05-16,2515.4136730676532,106.70912789888634,23.40334638171301,63.71774575289215,173.898643057402,Evening,3,1,23.57261953683257
2024-05-17,6581.119740270778,496.9625930326149,17.31250554432482,39.93815424977548,235.14627629061448,Night,4,0,13.242686336029458
2024-05-18,7225.622998186146,115.43149275055299,25.563437480601774,54.75839072902775,301.7868653476243,Morning,5,0,62.59663481785417
2024-05-19,3036.254946118604,184.65594953530834,23.638272668018615,40.25708427525983,182.65589120264127,Evening,6,0,16.44276804381024
2024-05-20,2026.1405498528497,451.349274258896,33.19194967518449,41.371616150269084,255.1000419127662,Noon,0,0,4.489074571305606
2024-05-21,686.8792132563544,74.0183907550852,26.81142485771201,45.411102623328475,282.6438407467516,Noon,1,0,9.279845268848465
2024-05-22,5745.583209099327,345.71428582172325,43.68868411381833,35.78600777621457,329.9085487923242,Night,2,1,16.619455558345628
2024-05-23,8509.756388762515,470.2602189828065,18.149522234920596,32.82375085616015,315.4421902041779,Morning,3,0,18.09584575784337
2024-05-24,3120.174532426403,231.01417242320255,32.37549123637174,80.76687945663826,285.55615232898407,Noon,4,1,13.506420405716284
2024-05-25,9757.72357341659,222.43702307362076,49.31735501847279,39.063132480547594,288.98304405602914,Evening,5,1,43.86735372819228
2024-05-26,5854.687123566751,288.30258358859805,45.034747964424994,37.0266145710192,278.10110079097086,Evening,6,0,20.307438978490985
2024-05-27,2432.705250295234,288.36158614581154,28.21128372784548,74.18363376596722,178.3241739361564,Noon,0,1,8.436301390938818
2024-05-28,1082.0440363433372,404.7832499096476,37.77631954736863,55.31184958327604,320.81250273294927,Noon,1,1,2.6731442978059547
2024-05-29,2703.452560731645,219.27904278760772,13.958764528570313,69.81800123429205,352.7599653832759,Night,2,0,12.328823248969542
2024-05-30,8016.9026467682115,371.427654231728,45.99306186931865,31.422807298709213,366.3295235460135,Noon,3,0,21.584021963444297
2024-05-31,6390.822931209564,294.44874717098384,21.66741349182693,73.93343106038026,340.589818656465,Noon,4,1,21.704364486558568
2024-06-01,7939.9567719293,261.25197027983705,38.095569324113015,87.03369370504925,366.0656086598264,Noon,5,0,30.39194982309418
2024-06-02,1877.4343423022683,376.40694808164756,33.987717652168854,71.24520556087808,399.83128914207265,Morning,6,1,4.987778126494701
2024-06-03,2903.0487490945734,498.70540377954006,22.397999564995267,70.07207144580917,271.91887339951614,Noon,0,0,5.821169626583609
2024-06-04,1147.842567395625,415.88990123731617,17.038182708109787,40.143980884222984,241.99937284137633,Noon,1,1,2.759967395170387
2024-06-05,5651.548758507169,253.9103085905448,49.59907288161328,58.21541393362928,221.72317911468383,Morning,2,1,22.25805163200697
2024-06-06,2612.5569379813146,21.136573800714142,30.96335552739246,80.64526100093622,360.1242946285354,Night,3,1,123.60361535477638
2024-06-07,2887.2699787489973,253.67207098262674,33.37818565293099,81.55732325321057,222.15142616032165,Morning,4,0,11.381899345737349
2024-06-08,7002.994474078432,81.57172590605315,22.101419285750026,80.26769471002393,231.23674543466967,Morning,5,0,85.85075767728442
2024-06-09,3052.982799105438,44.426473109457056,45.46583974601092,65.01939120659048,355.0980960964897,Night,6,1,68.71990021768238
2024-06-10,2091.0048708186823,451.3873922091266,27.67931693612185,36.89775451222487,250.0126901662412,Evening,0,0,4.632395381238131
2024-06-11,5126.468746882793,312.5645321454475,34.317621742169024,51.764446079293286,289.07414191168795,Noon,1,0,16.401313071878747
2024-06-12,3212.0740133682375,97.54989845123177,13.929858178867063,50.18720680913139,177.85583225568604,Night,2,1,32.927497253870065
2024-06-13,6940.604210917221,468.7692982105521,25.9817721744118,33.821764928526605,182.49223140265204,Morning,3,0,14.806012760246478
2024-06-14,9116.587365299598,341.5043807488674,21.837121328566283,36.87461638260108,170.39197780931067,Morning,4,0,26.695374581457205
2024-06-15,5901.628289350139,387.6371902900044,27.820541349091215,80.26644098319161,293.0482183198708,Morning,5,1,15.22461837300733
2024-06-16,6343.510727627773,315.823627184994,19.381806629828503,80.12797628964847,347.7191120310276,Noon,6,1,20.08561165663535
2024-06-17,3362.5446064455464,383.07763866931765,38.70571386688512,53.70237654911354,215.12935292909089,Morning,0,1,8.777710487424667
2024-06-18,6753.3056776827825,22.11903332952871,40.32664067354359,59.68021554199031,158.6681506960183,Morning,1,1,305.3164926817657
2024-06-19,8153.946845073413,8.592091912091863,26.747987805649508,41.94845949466199,304.886764640291,Morning,2,1,949.0060079080581
2024-06-20,4328.224641461451,475.7282373738281,18.689451330677166,72.69496003495672,374.6884837457693,Noon,3,0,9.098103289715645
2024-06-21,876.731736884957,212.10112039841428,40.70162648468493,58.868699696327084,347.03627662239035,Evening,4,0,4.1335554250637125
2024-06-22,2603.4482106925093,254.3592968526063,37.22722228660939,38.95483816236546,297.39045351561936,Night,5,1,10.235317690004194
2024-06-23,8155.011641775904,385.785317416348,32.804391896243835,38.20023438055952,272.7975382933921,Evening,6,0,21.1387299454293
2024-06-24,6498.682897858838,396.7834944420474,29.9794798744567,71.79930438753456,370.73444993863257,Night,0,1,16.37841036456724
2024-06-25,9686.169844956281,112.6869214678216,38.43559083163173,75.58538093178466,230.55495316101258,Morning,1,1,85.95646876130361
2024-06-26,8882.871547145984,425.94445755842844,34.16137396046176,86.2945485618396,397.9615786071,Night,2,0,20.85453018467199
2024-06-27,1850.7526635984964,84.78634110787765,24.897587927887503,54.71344831970137,278.87418536174994,Noon,3,1,21.828429431147367
2024-06-28,8804.970938948705,147.4429315160639,16.312593851903046,60.15928545770927,334.12839994355124,Morning,4,1,59.71782335316226
2024-06-29,7690.625615037859,257.8043949958924,41.17800252912484,38.36648393575589,180.7689994832959,Evening,5,1,29.831243238348957
2024-06-30,1818.2093270010876,450.65638870879786,45.035375006249126,59.571934223224766,231.0121091931768,Evening,6,0,4.034580164747128
2024-07-01,5443.989930933923,371.22144871150954,29.169751360704534,87.97505767083845,228.4664671055773,Morning,0,1,14.665073771544533
2024-07-02,5397.80061715828,373.8752048514157,10.179181442349542,62.24183980397583,382.4387971548063,Evening,1,0,14.437439410574065
2024-07-03,2893.6823016758353,240.11124777080673,22.099778733708103,64.56551997588507,182.9328402038438,Night,2,1,12.051423365380787
2024-07-04,2446.119030912738,180.90903332321312,25.786332026746873,74.86209945223119,233.06028872117184,Morning,3,0,13.521265278901177
2024-07-05,818.4267012197179,346.93374207321625,11.071685993987304,60.680300287899,225.90581979945262,Night,4,0,2.359028834523102
2024-07-06,5224.808075049664,434.91334036956357,45.90402846762306,36.85902567158931,256.3652678320076,Night,5,1,12.013446335331842
2024-07-07,2398.4961457441386,49.31632914091226,23.34245347928057,53.72796100678238,239.4124443358151,Evening,6,0,48.634928583003024
2024-07-08,6817.038576703244,444.51068103515445,39.188667180957296,47.97929569541006,260.7676794947665,Noon,0,0,15.33605123014831
2024-07-09,715.0269677376126,145.26907075365892,16.395501784778986,32.477421268606484,267.3403168045984,Night,1,1,4.922086745843682
2024-07-10,6000.769193926568,94.95317365155661,14.23888919332294,88.40796487812383,279.37200469637776,Noon,2,1,63.197141950696604
2024-07-11,6269.367637988364,182.06844134290978,48.733008063501885,56.0417856012549,218.46661885843304,Morning,3,1,34.434125934985985
2024-07-12,4276.063109486986,197.34338711850737,24.92388101567308,38.64107392307906,343.86689943982265,Morning,4,0,21.668134777271014
2024-07-13,4486.967145815308,297.1507558088474,27.253091034734027,71.25499943733959,292.83422854067805,Morning,5,1,15.099968814152053
2024-07-14,6471.845601794269,163.0535807349192,41.94170542275424,35.20484850758684,231.65434812414557,Evening,6,1,39.69152699759309
2024-07-15,6939.061850538591,160.21008690135224,18.517629614583573,68.61620341042612,341.5069859160902,Evening,0,0,43.31226569280403
2024-07-16,922.3919103838375,496.5431958923835,25.00198705848679,70.54674274366972,305.31031755898886,Noon,1,0,1.857626724148585
2024-07-17,4101.848188389103,220.82077564283136,11.851892267455838,48.92659234941003,383.0495675924102,Evening,2,0,18.575463184785093
2024-07-18,4186.734731774446,323.4227802901361,15.439963986127903,81.12758831778605,381.77488702869937,Noon,3,1,12.945082990192004
2024-07-19,7422.003120218281,462.7966869143387,14.702285936839425,77.04924092815511,202.3971663887375,Morning,4,0,16.037286631639297
2024-07-20,8747.424426667605,346.83973855343976,30.60913691532096,55.216588548326925,231.78313572677726,Evening,5,1,25.220363915479755
2024-07-21,7911.657953465087,135.8874747734955,45.96422705927543,77.55357816554269,250.10443042649172,Morning,6,0,58.222128026535636
2024-07-22,2084.4182322964107,403.58002343322335,31.63631615371726,48.27307588372291,296.62752829963904,Morning,0,1,5.164820137935544
2024-07-23,6247.013906701269,397.4280634149246,23.097739380673097,36.19022205103605,268.25533870498214,Noon,1,1,15.71860289135957
2024-07-24,2518.4998315104262,181.48905612113114,13.009118009207885,79.67740049429304,245.3728134837711,Night,2,0,13.876868861059618
2024-07-25,8002.141727768522,342.11914177138743,40.054945797754016,34.4933118002109,353.15254115719625,Evening,3,1,23.38992693111499
2024-07-26,3931.3913061225007,376.269517246618,39.296204849471515,68.55237629981818,325.2170593282773,Noon,4,1,10.448338560324439
2024-07-27,8455.66474964271,392.1199421077819,39.65245133678522,37.90691537207553,326.32132839589076,Evening,5,1,21.563975308653145
2024-07-28,3114.7590194068507,67.8595656491858,13.144982794171085,59.196086607084354,278.54949380024243,Evening,6,1,45.90007303479141
2024-07-29,4236.22809386558,387.49514457927927,12.11749196354052,39.343458937563,307.03762423019793,Night,0,1,10.932338516047839
2024-07-30,637.642765641561,10.711684056605794,43.54710211783607,52.79640699762605,232.13900800273007,Morning,1,1,59.52777941096319
2024-07-31,4399.073781123484,373.325087332256,17.063924952973807,63.240892229409255,262.50614921837456,Noon,2,0,11.783493610244166
2024-08-01,5578.930164651538,214.8995623247875,29.236286309093483,79.06101499020602,247.61563926179485,Noon,3,0,25.960639958027677
2024-08-02,1940.6698454827765,361.7712410134897,45.27887908205611,45.56185584384353,246.09882743984605,Morning,4,1,5.3643563265174325
2024-08-03,5994.33356292035,334.70777024474773,31.907631933082577,59.65504040786577,259.2221048407331,Night,5,1,17.909155674925398
2024-08-04,1818.0329507651024,221.16200065491543,17.320274027984063,72.4108639730498,368.425654322529,Morning,6,1,8.220367628170557
2024-08-05,4345.492706682427,207.11764126203394,26.65690923363642,43.24639146787458,220.02929082293764,Evening,0,0,20.98079468365877
2024-08-06,7250.228875862238,410.31878406566784,44.619507122557216,31.990589845868158,337.0803461162416,Night,1,1,17.669746444515454
2024-08-07,2803.2781695908034,454.0040244637804,10.432398995098735,87.2382187136389,378.52221457858303,Noon,2,0,6.174566784736604
2024-08-08,4524.375464326367,383.06064078954984,25.188631435381946,52.415124191590486,163.16668243721014,Night,3,0,11.811120701414008
2024-08-09,1207.694409787388,267.86140691920696,26.03664041068342,37.66785075595257,315.0585936946452,Noon,4,0,4.508654022532092
2024-08-10,8550.11525577235,37.064428214027735,36.51913853095723,38.73050038016679,398.59957585608527,Noon,5,0,230.68250793995514
2024-08-11,3195.6244162089884,18.252774530122622,48.69702610205036,67.286855885423,327.91918486174177,Night,6,1,175.07609108605584
2024-08-12,6720.1321599082285,117.92709461366616,37.58045085568135,82.70043958436464,300.1051448156048,Evening,0,0,56.985480579536436
2024-08-13,1066.4045214480211,398.2365924217378,39.26126188451441,87.00949043177874,342.6151463336397,Evening,1,1,2.6778165084304577
2024-08-14,3085.1077410668713,34.710546640459235,39.8893150438474,78.490870418235,267.23167076415956,Noon,2,1,88.88098977590904
2024-08-15,9383.329412369718,398.0908859787263,20.260557493238824,36.73145311597716,202.3605045105461,Night,3,0,23.570821997846885
2024-08-16,2726.1273199988145,131.4464943685266,16.622727359683168,88.98708723105152,351.98629538406743,Evening,4,1,20.739444844803373
2024-08-17,9794.159482229465,402.6731882529385,46.39799460177482,84.63429849496126,231.58063787201348,Night,5,0,24.322849814567938
2024-08-18,3847.966888072173,56.22726756127086,30.248401785530227,51.434901418100814,188.75725512028797,Morning,6,0,68.43595740943739
2024-08-19,6601.645119336519,126.45881740136778,10.884731090005978,60.633188666148875,261.34359730568764,Night,0,0,52.203913139433766
2024-08-20,8053.4591077197165,91.74644332994077,38.26607103488145,84.02489189500079,174.45067351710142,Night,1,0,87.77952382042399
2024-08-21,7411.44527440916,446.5030392224216,11.92134021851329,55.57999109273568,363.45248364919496,Evening,2,0,16.59886859295758
2024-08-22,8328.416331718307,339.0958771805521,32.146205767359135,36.40298235246067,338.16978043699896,Night,3,0,24.560653467585006
2024-08-23,6024.70870167293,256.01375038348,36.73798069796825,49.856803052590166,236.2584842538044,Noon,4,0,23.532754364359686
2024-08-24,6762.6123924134845,252.63554168261763,33.55047761706413,65.87891006433716,378.8694832065304,Evening,5,1,26.768254171098604
2024-08-25,9217.133337546002,182.2075791198451,28.85606068874744,58.587743754429006,386.6293628105183,Night,6,0,50.585894297423984
2024-08-26,2660.4966560934135,307.6776146381418,48.796403207308934,87.99623625246767,278.85258322106887,Noon,0,1,8.647027048823201
2024-08-27,5964.622028575212,75.45865601235509,32.18165459561702,47.82891370908722,208.1216661564411,Night,1,1,79.0449014570125
2024-08-28,1725.0878358251177,32.23383508695897,35.71533227521981,40.137416266829696,237.26719093711722,Night,2,1,53.51792087945026
2024-08-29,5437.252890317458,138.81782585686415,36.70041935027737,57.333246826259746,182.88988497983803,Morning,3,0,39.168261401268744
2024-08-30,531.7326056495451,240.46353165592777,31.496765822133842,57.374449088011744,279.25029353842297,Noon,4,1,2.2112816941006495
2024-08-31,4611.581676524708,172.80750454564057,43.92094428556581,45.4327758935223,244.88457324357108,Noon,5,1,26.68623500263979
2024-09-01,606.7731723127376,129.50051983415835,30.85525421123808,53.66220731709613,164.0468374197673,Night,6,0,4.685488313790453
2024-09-02,7660.444151088078,267.7317458413221,46.606028659290374,36.882141348266764,302.51064760201314,Night,0,0,28.61238635342195
2024-09-03,8195.004350763578,337.62649496439946,32.25269393634238,38.56710244930312,301.3152120109218,Evening,1,1,24.27239708076728
2024-09-04,9750.129715652418,72.8259274162299,19.30368252124864,77.57432450985638,366.350780762907,Night,2,0,133.88267148218307
2024-09-05,1561.5287996524844,272.7785972075958,43.82375893858749,48.15130969903233,154.54412856737352,Morning,3,0,5.724528301111896
2024-09-06,2969.237234057353,8.384233289936336,13.308852457836263,77.78186610120416,247.27478960664928,Night,4,0,354.1453501325342
2024-09-07,3523.7688932958176,236.81743111599386,33.757714361605835,82.76714292314668,320.9113261907205,Morning,5,0,14.879685488902485
2024-09-08,9980.780679254696,499.4530848858989,19.516168897681922,32.813149723196645,200.78125026459503,Morning,6,1,19.98341982717922
2024-09-09,9950.316319043226,131.90915739792968,48.26239090797422,47.85013674187668,215.6193775181208,Night,0,0,75.43309740828802
2024-09-10,2398.2771361178175,188.85829028615146,41.77958640431576,45.780982766009245,275.5883633188885,Morning,1,0,12.698818423507023
2024-09-11,3242.6188968752176,187.29355847391258,29.345341374237996,50.44815687166294,234.04727173902978,Evening,2,0,17.313029467197985
2024-09-12,9454.60416485817,247.39377293241967,42.13120765186544,57.43618665331118,362.15728841762257,Morning,3,0,38.21682353921202
2024-09-13,3743.581074708238,428.31725831792505,33.60963562953398,83.9128475654463,355.27020279469343,Morning,4,0,8.740206008531898
2024-09-14,8801.716303957466,192.0689395311912,21.90116056510718,68.13061775301418,244.15462141673794,Morning,5,1,45.825818195492786
2024-09-15,6752.083273798276,229.9656224290985,13.966777228533944,52.31258693354495,330.8330598940492,Noon,6,0,29.361272360959234
2024-09-16,5479.220255883525,342.707893954777,31.51486978277226,80.9836776163057,349.8191371660961,Morning,0,0,15.988018812915211
2024-09-17,2547.968404938617,468.1526623416991,20.09084469577229,67.0285279313485,250.0722574539394,Evening,1,0,5.4426015483788595
2024-09-18,1914.9405365976284,225.84907367738856,15.518157764049816,74.05506905889413,185.78658565570646,Noon,2,1,8.47885052357134
2024-09-19,6934.052822318238,410.8175925874164,20.623480987668202,77.02234829907106,190.45018277944567,Noon,3,1,16.87866573251185
2024-09-20,2339.725948851289,448.8566392365568,49.33724332544237,30.475128590360235,321.71993073320095,Morning,4,1,5.212635269984733
2024-09-21,7274.856868376641,425.5263370405288,36.99359567915772,68.41800017932425,362.4658600957458,Morning,5,0,17.096137736085076
2024-09-22,1618.231853041462,248.16837910663747,17.800394667938043,34.29369585974544,396.6519097656967,Morning,6,0,6.520701222560312
2024-09-23,6367.571149578857,294.4253686588899,38.467059491348294,39.780833085740866,245.13116902948445,Noon,0,1,21.627114465656266
2024-09-24,5087.117469019814,347.43471313195977,41.13594910381397,44.5800859331113,173.26284057589004,Evening,1,1,14.641937828151521
2024-09-25,2351.7955951667445,39.53012278239086,43.376313157903176,30.67432596315709,261.74302836441456,Morning,2,1,59.49375892691076
2024-09-26,1003.0317243988652,100.79893737122653,37.813130845217884,75.51072016374899,298.9903064907197,Morning,3,0,9.95081645260662
2024-09-27,2788.1779312573594,15.274043829379796,13.45619060201022,66.8987380794356,309.70348419665345,Morning,4,1,182.5435334874624
2024-09-28,9125.76781401947,50.87437580806239,22.019409595719672,64.34560708739282,191.74179344427944,Night,5,0,179.3784723462543
2024-09-29,5276.557709210702,186.93143824970457,22.291371611802045,43.90804624127873,341.93599337072857,Night,6,1,28.227235389706
2024-09-30,7286.724108907964,118.38474261593679,27.719485715133093,31.48378615109998,251.38238090887725,Night,0,0,61.55120962291163
2024-10-01,8120.41077128375,82.87115027298881,16.792071673189565,59.849887502823215,245.36887247259205,Evening,1,1,97.98839215497813
2024-10-02,7124.2966521214785,434.47331132942986,11.807139807635174,78.07946962559275,395.73564627676103,Noon,2,1,16.39754725168754
2024-10-03,2480.997018472343,183.38809426016084,45.82589250285557,63.67315554487435,346.23914327072885,Morning,3,0,13.528670050699763
2024-10-04,4844.912463814486,186.98807615394466,47.08926334204077,53.0293156467828,297.92037119701536,Evening,4,1,25.910274940877713
2024-10-05,4915.8190991501015,126.2751348709983,30.34540903296389,67.72963709861044,238.99111175046295,Noon,5,0,38.929430597496996
2024-10-06,9812.897612875939,462.47965383954767,36.196288702927475,49.1707644854218,201.61911083225993,Evening,6,0,21.21800933599647
2024-10-07,7576.2840917071635,83.920334170088,34.69641118396346,55.76552384831662,319.27475491564775,Night,0,1,90.27947954010416
2024-10-08,7379.968824108574,199.590513398445,36.55691730988282,78.23539864071924,234.4157986078223,Night,1,1,36.97554908021029
2024-10-09,3211.815362027021,90.14405089500322,12.903495559685908,82.25663053852769,167.47047998328372,Night,2,1,35.62980951197807
2024-10-10,3205.667980345509,121.10005451735866,33.309423522492544,37.241294602387555,226.65882825167068,Morning,3,0,26.471234824142908
2024-10-11,6099.930831918725,440.9842975738761,27.503172094834486,75.40331743737765,186.45135127224862,Noon,4,1,13.832535229662755
2024-10-12,2376.8926985483895,154.9832644734347,49.730762134491464,78.6855366446898,373.52555850765685,Night,5,1,15.336447497244496
2024-10-13,2523.531895688141,80.52514722017867,16.254224898254943,42.506616682830426,188.31369639098347,Night,6,1,31.338432561794477
2024-10-14,9642.352228132684,249.83533198070475,10.385479998473883,40.854254654832225,315.0193821387895,Morning,0,0,38.59483024953965
2024-10-15,4242.681599849157,351.02239271323646,44.698698663969594,39.79200978211678,180.6023976775593,Morning,1,1,12.086640875116945
2024-10-16,4932.44873368681,440.05753527573404,48.34896405499036,76.51108496381659,345.4870553653521,Evening,2,0,11.20864509363805
2024-10-17,2006.3219814619038,443.4494005894928,12.19349362867753,31.056407065887974,259.74118043702384,Noon,3,1,4.524353801797521
2024-10-18,2331.226418795236,295.2511806874243,13.224253455737376,80.49219417963536,189.48755553464423,Morning,4,0,7.895739530549929
2024-10-19,5246.599459175367,225.7532256999489,12.128347595828348,76.06744584765796,196.71272532963903,Morning,5,1,23.240418571687123
2024-10-20,2465.130432827117,167.15515989663587,31.5326057505656,72.48021003174702,197.80520116146667,Noon,6,0,14.747558103210729
2024-10-21,6401.91840760044,159.6793494663592,37.65361199659702,42.56474790107431,219.45465125868742,Night,0,1,40.092337731806566
2024-10-22,3973.4898665633937,480.61765377187106,32.81846906143534,62.52286082084977,176.01440037646853,Night,1,0,8.267465490249016
2024-10-23,5871.124596682273,344.5430524767541,17.374377961253444,89.94197163167857,286.75607378441384,Noon,2,0,17.040322114979784
2024-10-24,6752.369410512186,147.57373581543106,43.024377233477644,57.654881550907334,196.58828372066552,Noon,3,0,45.75590211362071
2024-10-25,9782.104479875328,52.40945255212532,26.181908814698215,47.770691946981444,185.4004584461749,Night,4,0,186.64771340906978
2024-10-26,1333.6751363830583,408.0534681077909,16.310703691282093,52.5245659415656,343.70368878132876,Morning,5,1,3.26838328949273
2024-10-27,3870.73095805821,190.46531895508693,10.26790764046465,69.3284273848308,259.24493992807237,Morning,6,1,20.322497446219884
2024-10-28,4854.1804835586,167.94736126387807,27.476435707843958,36.743969420479445,205.1824279289712,Noon,0,1,28.902987501731186
2024-10-29,980.9523726308964,172.4123604028458,11.233767244013935,55.92792204213775,351.7389973779238,Morning,1,0,5.689571039679967
2024-10-30,1520.325589383328,323.002434639037,40.90860798496776,71.91987797853602,167.6382392692181,Evening,2,1,4.7068548913023776
2024-10-31,1356.7117635715704,15.618006736836799,19.2250581461273,39.50308347488057,279.6218820990538,Morning,3,0,86.86843247234715
2024-11-01,2216.425392830436,255.84354711978048,46.43336592161396,47.44511864615309,244.54017045959552,Evening,4,0,8.663206157756846
2024-11-02,3179.129686252682,441.8217286739432,25.964205572874377,33.437424575260735,217.60347342891203,Night,5,1,7.195503253754241
2024-11-03,1762.4528657697078,122.61743906990299,37.81412760516103,63.302882727174364,339.5528130452718,Night,6,0,14.373590568670668
2024-11-04,1538.8933015985488,187.44104361133734,34.855809409794574,61.65781761216028,253.9023840983075,Morning,0,0,8.21001244951172
2024-11-05,1070.7092036658705,221.51129633520233,44.080996506974294,86.80463217548453,234.43588003588644,Evening,1,0,4.833655083872644
2024-11-06,1033.2586330321878,112.08721619311923,42.26875914648381,77.52370173713572,363.64711658121973,Night,2,0,9.218345036350517
2024-11-07,1604.2315743681108,309.9368635911731,41.11457062664639,69.74200248083221,368.7196567199461,Morning,3,1,5.1759947357672065
2024-11-08,4219.143043209822,476.2869327570052,31.33794504411354,65.31699715955062,365.8265270085807,Evening,4,1,8.858406042733842
2024-11-09,3986.6927540825045,469.46005582628175,40.84228058061163,83.82785038928226,207.14423144784968,Evening,5,0,8.492080858861684
2024-11-10,3170.3111748030706,221.81338633966072,44.156665775126356,36.516355821366076,282.64293144802235,Morning,6,1,14.292695437003083
2024-11-11,3021.5105370420224,12.3228040945964,32.69205903194414,36.732878606074024,250.51818679173357,Noon,0,1,245.19667064795482
2024-11-12,6110.528316408105,281.2337288952533,28.262859142098073,61.704583816104204,158.1782755974676,Morning,1,0,21.72757990448577
2024-11-13,8172.350368974857,300.3733121035848,16.428348282538884,84.87365287339722,303.65775402165434,Noon,2,1,27.20731183387089
2024-11-14,9329.795772155305,451.7082669127072,24.069049644286405,61.078667994906496,393.1129185565527,Night,3,1,20.654472046574902
2024-11-15,8611.606036093275,425.36307775330647,42.49113100344607,59.868941544505674,197.9390528443965,Night,4,0,20.245306860149395
2024-11-16,3564.4873434141423,27.465577266810904,40.04586781391092,88.78337616033056,393.61675064169253,Noon,5,0,129.78017206000723
2024-11-17,3393.557195599107,122.42250766301396,44.5949679922261,36.802768218729646,231.90543729176747,Night,6,0,27.720043155302577
2024-11-18,1780.4163093854115,442.61789283820275,37.62712748392167,48.02906514117757,395.9793205879784,Night,0,0,4.022467998229425
2024-11-19,6760.989212145905,33.78617175178912,14.911206592843374,79.97050249451773,276.08687468485874,Night,1,1,200.11113605340276
2024-11-20,1320.5430238441697,108.47285444702021,24.631140337980092,85.19585078309694,398.4200040875826,Evening,2,0,12.173949238969673
2024-11-21,5278.216954513349,237.38179159996926,32.6917597724143,34.34498125012189,392.7071178790243,Noon,3,1,22.235138251075668
2024-11-22,7132.967747474394,72.54849643407792,21.57539603335993,83.96802650196474,295.25002314228334,Evening,4,0,98.31999418424685
2024-11-23,1829.9636197858908,362.48438297650847,33.98615428566959,55.842079941118314,334.2689536366877,Noon,5,0,5.048392994918308
2024-11-24,9815.261328446175,13.778458044946209,48.65888420143375,60.63372967879957,156.46503736964692,Evening,6,1,712.362827279233
2024-11-25,1148.8247266272992,212.89706261399132,16.45747773972458,35.24580907619381,215.8610708146274,Noon,0,0,5.3961511376521925
2024-11-26,7813.30348652023,422.9131096872201,41.16162512738775,48.556871339695846,255.9306492075469,Morning,1,1,18.47496165890631
2024-11-27,8227.32397868939,402.61883211492153,28.55618848163691,73.73991301092691,256.1287720624915,Noon,2,0,20.43452348086148
2024-11-28,2303.8325697263326,97.67373378053531,48.154324788405475,32.01160711539197,362.7050377530007,Night,3,1,23.587022637046427
2024-11-29,5156.672612391446,322.82240141420255,37.590175226713455,37.50407540882209,297.76516273008065,Evening,4,1,15.973713688397643
2024-11-30,9348.359079928749,350.09023315631185,19.247060707588375,78.04596188462764,192.5346155798396,Morning,5,0,26.70271317096355
2024-12-01,8740.04089452349,306.6786515157676,13.804439308773553,70.16188710144289,203.9587388494196,Night,6,0,28.499019580677036
2024-12-02,2340.1512230880026,331.7769955415498,30.21384972288724,52.33997601148097,324.65340778322263,Noon,0,1,7.053386022946657
2024-12-03,756.6890891110406,348.0967361999946,30.953234182456946,48.15543860756082,179.39092297644348,Night,1,1,2.1737896694219345
2024-12-04,6625.392448534928,48.6941768712659,47.75171795862367,45.1892548793644,189.25233606703938,Noon,2,0,136.06128852019935
2024-12-05,9900.401504834465,362.94554372045593,40.4048454447414,71.15704353069536,234.586562136655,Noon,3,0,27.277925507358887
2024-12-06,6728.008792634128,45.430087599447,41.185867357867686,58.86035674238328,399.7847668822913,Night,4,0,148.09587980446742
2024-12-07,5261.334395385319,321.3914378883956,23.896067318158508,65.67319413107549,272.14967500079763,Morning,5,1,16.370487122971635
2024-12-08,2225.483593421892,263.56773752364,13.396970652777345,69.85978878153905,360.70157651993384,Morning,6,0,8.443687434325238
2024-12-09,6202.71844484265,390.95917860238677,20.943228571698146,30.16030337971283,173.59423215194954,Evening,0,1,15.865386424783077
2024-12-10,2663.143478507385,6.751805329827006,14.975337602006329,32.421913418876805,274.8649350775154,Night,1,0,394.43428067195475
2024-12-11,3256.221735778227,379.77078263837944,12.06960540392258,54.548152152634515,297.4717441906016,Noon,2,1,8.574176541850576
2024-12-12,7030.535719955729,268.9309348168555,23.52969369126384,65.49726924024782,192.32887352922333,Night,3,0,26.14253256042705
2024-12-13,8448.62509555923,364.95555640459975,44.64920068792378,62.84783764942754,217.06764330391792,Evening,4,0,23.149736857802083
2024-12-14,4362.257981023178,148.38686647252592,42.70661107744209,38.999147311563306,214.2933025267127,Noon,5,0,29.397871150752128
2024-12-15,8038.2239771788645,30.641388049003744,24.082102862463724,33.73748580409942,319.2357886547295,Morning,6,0,262.33224044301136
2024-12-16,4752.888362282823,240.74344992331444,14.491906508182574,50.438850157669634,375.2852681388936,Evening,0,0,19.74254487005479
2024-12-17,4285.493635162251,152.18999804516838,20.993057362635877,70.55988970353654,220.64221203040552,Noon,1,0,28.158838886970493
2024-12-18,3297.684730698043,68.05420501685094,27.659858023273785,51.532975417942,368.65812911716364,Night,2,0,48.45673724175459
2024-12-19,3844.9627257113416,318.8773844925852,10.198918051236951,48.326367666326036,166.4661662719062,Night,3,1,12.05780940479568
2024-12-20,2928.1277566910744,193.3628797564605,11.036930634634325,53.94016101360535,294.90864571010184,Night,4,1,15.143174121005208
2024-12-21,2583.95748596663,499.25504036274543,15.89971252805043,52.83947652721869,198.17616575474602,Night,5,0,5.175626237221752
2024-12-22,9158.032300740188,24.59479698453047,30.455110216506984,71.82715425871102,210.6097049379544,Morning,6,0,372.35649094808014
2024-12-23,4809.862766639343,107.69029544907758,47.88843964949781,45.628651408693905,273.24196486236553,Night,0,0,44.663845953637804
2024-12-24,5494.1068618359095,98.93861122735325,14.863805917456872,59.14253155044061,249.91117302654334,Evening,1,1,55.530462715015055
2024-12-25,8928.432846069409,294.79567371111034,11.231460746618517,80.93020406437265,219.43296174148185,Evening,2,0,30.286851681612422
2024-12-26,2747.51401292866,7.233686383887308,13.356991568140701,37.303607942935,200.34879073600285,Night,3,1,379.8221082750583
2024-12-27,1498.871738312334,444.9887605662019,33.522472976605584,82.03300517846543,296.86755751130784,Night,4,0,3.3683361719185347
2024-12-28,7147.3333538053375,358.10563609039986,32.035227101086676,36.414503436551655,228.39222414321398,Night,5,0,19.95872902709934
2024-12-29,1242.5276154964654,290.1373163872199,44.71874613206494,57.09886002215012,332.3818891594083,Evening,6,1,4.282550176476358
2024-12-30,6773.313516406085,393.0542821394397,48.99763619831748,69.263526989641,394.2406728213465,Morning,0,0,17.232514245966637
2024-12-31,1172.4830041780415,401.1745075343232,23.178409388503276,65.2994984627463,310.87780715515964,Evening,1,0,2.9226258951105653
